cell,status
3,ok
4,ok
5,ok
7,ok
8,ok
10,ok
11,ok
13,ok
14,ok
15,ok
16,ok
18,ok
20,ok
22,ok
23,ok
24,ok
27,ok
29,ok
30,ok
32,ok
33,ok
35,ok
36,ok
37,ok
39,ok
40,ok
42,ok
43,ok
46,ok
47,ok
48,ok
49,ok
51,ok
52,ok
53,ok
54,ok
56,ok
57,ok
58,ok
60,ok
62,ok
63,ok
64,ok
65,ok
68,ok
70,ok
71,ok
72,ok
74,ok
75,ok
78,ok
79,ok
82,ok
83,ok
85,ok
86,ok
87,ok
88,ok
91,ok
93,ok
94,ok
96,ok
97,ok
99,ok
100,ok
101,ok
102,ok
104,ok
105,ok
107,ok
108,ok
109,ok
110,ok
112,ok
113,ok
114,ok
115,ok
118,ok
119,ok
120,ok
121,ok
124,ok
125,ok
127,ok
128,ok
129,ok
130,ok
132,ok
133,ok
134,ok
135,ok
137,ok
140,ok
141,ok
142,ok
143,ok
145,ok
146,ok
147,ok
148,ok
150,ok
151,ok
152,ok
154,ok
155,ok
157,ok
158,ok
159,ok
160,ok
161,ok
162,ok
165,ok
166,ok
167,ok
168,ok
169,ok
170,ok
171,ok
172,ok
173,ok
174,ok
175,ok
176,ok
177,ok
178,ok
179,ok
181,ok
182,ok
185,ok
186,ok
187,ok
189,ok
190,ok
191,ok
193,ok
194,ok
195,ok
197,ok
199,ok
200,ok
201,ok
202,ok
203,ok
204,ok
